RealCondition,テキストの配置によって、集中が妨げられた。,テキストを読むために余計な精神的努力が必要だと感じた。,テキストのせいで学習のリズムが崩れた。,テキストの位置が不快だった。,テキストは読みやすい位置に表示されていた。,テキストの位置は自然だと感じた。,テキストと画像とを、素早く関連付けることができた。,テキストの位置は予測しやすかった。,テキストを探す必要はなかった。,テキストを読む動作はスムーズだった。,このテキストの配置方法は使いやすいと思った。,テキストの配置は、学習の助けになったと思う。,テキストの配置は、画像の内容を理解するのに役立った。,テキストの配置は、単語の意味を覚えるのに役立った。,このテキストの配置方法は好ましいと感じた。,このテキストの配置方法には満足している。,今後もこのテキスト配置方法を使いたいと思った。
A,5.428571428571429,4.0,4.428571428571429,5.142857142857143,4.428571428571429,3.857142857142857,4.285714285714286,2.4285714285714284,4.428571428571429,4.571428571428571,3.7142857142857144,4.714285714285714,3.857142857142857,4.714285714285714,4.0,4.428571428571429,3.5714285714285716
B,5.428571428571429,5.714285714285714,6.142857142857143,5.714285714285714,4.428571428571429,3.5714285714285716,5.285714285714286,3.0,4.142857142857143,4.142857142857143,3.7142857142857144,4.0,3.857142857142857,3.857142857142857,4.285714285714286,4.142857142857143,3.142857142857143
C,5.285714285714286,5.0,5.571428571428571,5.571428571428571,4.857142857142857,5.714285714285714,4.0,6.571428571428571,6.428571428571429,5.142857142857143,5.142857142857143,5.0,4.142857142857143,4.0,4.714285714285714,4.714285714285714,4.428571428571429
D,6.0,6.0,6.142857142857143,6.142857142857143,4.857142857142857,6.0,4.714285714285714,6.428571428571429,5.857142857142857,5.714285714285714,5.285714285714286,5.0,4.285714285714286,4.428571428571429,5.428571428571429,5.428571428571429,5.285714285714286
